Id,Model
1006,FXX
1007,CCGT
1009,Lancer Evolution X GSR
1011,M3
1020,F50 GT
1022,430 Scuderia
1023,F40 Competizione
1034,Celica GT-Four ST205
1040,M1
1041,SVT Cobra R
1042,Skyline 2000GT-R
1043,Skyline GT-R V-Spec
1045,Firebird Trans Am GTA
1046,Viper SRT10 ACR
1059,Z4 M Coupe
1060,IMPREZA WRX STI
1063,Charger Daytona HEMI
1064,Camaro Z28
1069,Corvette ZR1
1086,Focus RS
1093,Corvette
1098,John Cooper Works
1103,370Z
1104,510
1105,DB5
1108,RS200 Evolution
1110,MX-5 Miata
1125,Reventón
1126,M5
1131,458 Italia
1154,250 Testa Rossa
1155,Cobra Daytona Coupe
1173,Murciélago LP 670-4 SV
1175,Zonda R
1184,RS 6
1202,SLS AMG
1215,NULL CAR
1216,RS 3 Sportback
1219,EB110 Super Sport
1220,TT RS Coupé
1231,Golf R
1234,911 Sport Classic
1246,MT900S
1260,LFA
1268,Z3 M Coupe
1269,2002 Turbo
1270,DMC-12
1271,250 California
1272,Escort RS Cosworth
1273,Civic Type R
1276,Firebird Trans Am
1277,Cuda 426 HEMI
1282,240SX SE
1285,GTO
1291,El Camino Super Sport 454
1293,Sierra Cosworth RS500
1296,190E 2.5-16 Evolution II
1297,Starion ESI-R
1299,242 Turbo Evolution
1300,Impala Super Sport 409
1301,D-Type
1302,Escort RS1800
1304,Gran Turismo S
1314,F1
1318,365 GTB/4
1319,599 GTO
1320,Mustang Mach 1
1322,Gallardo LP 570-4 Superleggera
1323,WRX STI
1328,Veyron Super Sport
1329,GSX
1330,Camaro Z28
1332,Dart HEMI Super Stock
1345,H1 Alpha
1350,X5 M
1351,SC300
1355,Mustang GT Coupe
1367,M5
1368,M5
1369,Zonda Cinque Roadster
1370,Avant RS2
1372,8 Litre
1376,Elise Series 1 Sport 190
1379,Impala Super Sport
1380,Scirocco S
1383,GTI VR6 Mk3
1385,1 Series M Coupe
1387,850 R
1388,M5
1392,Sesto Elemento
1395,MR2 SC
1398,Aventador LP700-4
1417,RS 5 Coupé
1418,M5
1426,RX-8 R3
1428,Scirocco R
1429,Nova Super Sport 396
1435,Beetle
1459,Bel Air
1460,F-150 SVT Raptor
1477,Transit SuperSportVan
1482,Gremlin X
1486,Lotus Cortina
1496,XKR-S
1500,C 63 AMG Coupé Black Series
1517,Celica GT-Four RC ST185
1522,Wrangler Rubicon
1523,Exige S
1525,SLK 55 AMG
1529,Capri RS3100
1530,De Luxe Coupe
1531,Vandura G-1500
1532,Venom GT
1533,Torana A9X
1536,A110 1600s
1539,911 GT2 RS
1562,SRT Viper GTS
1564,Corvette
1568,Civic RS
1574,Sprite MkI
1575,Monte Carlo Super Sport
1580,Escort RS1600
1581,F-100
1583,Aventador J
1591,205 Turbo 16
1592,Celica GT
1599,599XX Evolution
1601,Gallardo LP570-4 Spyder Performante
1607,RS 4 Avant
1627,G 65 AMG
1651,Atom 500 V8
1652,Superlight R500
1653,X-Bow R
1654,Shelby GT500
1655,BRZ
1658,A 45 AMG
1662,Cooper S
1667,P1
1668,Mustang Boss 302
2002,GT-R Black Edition (R35)
2003,John Cooper Works GP
2004,MX-5
2005,S2000 CR
2006,Corvette ZR-1
2007,86
2009,RS 7 Sportback
2010,R8 Coupé V10 plus 5.2 FSI quattro
2011,Fiesta ST
2018,M6 Coupe
2019,Focus RS
2021,E 63 AMG
2022,Clio R.S. 200 EDC
2034,LaFerrari
2040,Mono
2042,Veneno
2049,MB Jeep
2066,Type 35 C
2068,8CTF
2069,W154
2096,Type D
2105,D8 GTO
2108,Grand Cherokee SRT
2119,Civic CRX Mugen
2121,Prelude Si
2131,GEN-F GTS
2133,i8
2135,Defender 90
2142,Golf R
2145,Ranger T6 Rally Raid
2146,Rally Fighter
2147,Metro 6R4
2148,X-Raid All4 Racing Countryman
2149,Clio Williams
2151,Type 2 De Luxe
2154,M4 Coupe
2158,Fiesta XR2
2162,F-Type R Coupé
2163,Civic Type R
2164,Huracán LP 610-4
2168,WRX STI
2171,Mazdaspeed MX-5
2173,MG3
2175,RC F
2176,LM 002
2177,Corvette Z06
2178,RS 4 Avant
2179,S1
2180,RS 6 Avant
2181,V12 Vantage S
2182,TTS Coupé
2183,Camaro Z/28
2184,458 Speciale
2185,XFR-S
2187,Bronco
2188,One:1
2189,650S Coupé
2209,323 GT-R
2235,XKR-S GT
0,#1107 Desert Dingo Racing Stock Bug
2262,ATS-V
2263,Challenger SRT Hellcat
2267,MX-5
2270,Skyline H/T 2000GT-R
2289,911 Turbo S
2290,918 Spyder
2293,Cayman GTS
2297,911 GT3 RS 4.0
2352,NSX
2357,Focus RS
2363,GT
2371,FXX K
2372,De Luxe Five-Window Coupe
2397,F-150 Raptor
2400,Shelby GT350R
2412,Isetta 300 Export
2416,Manx
2417,HQ Monaro GTS 350
2420,Manta 400
2421,CTS-V Sedan
2422,Limited Edition Gen-F GTS Maloo
0,#6 Penske Sunoco T70 MkIIIB
0,#24 Tankpool24 Racing Truck
2427,Corsa VXR
2430,Nomad
2431,X6 M
2437,Q60 Concept
2467,488 GTB
2468,Charger SRT Hellcat
247,2000GT
2471,C 63 S Coupé
2472,570S Coupé
2473,R8 V10 plus
2474,TS1
2477,M2 Coupé
2479,Aventador Superveloce
2486,RXC Turbo
249,250 GTO
2492,F-TYPE Project 7
2493,Vantage GT12
2494,Range Rover Sport SVR
2507,150 Utility Sedan
251,300 SL Coupé
2510,Sandman HQ panel van
2511,CJ5 Renegade
2512,Skyline GTS-R (HR31)
2515,The Cholla
0,#11 Rockstar F-150 Trophy Truck
2521,RZR XP 1000 EPS
2526,Regera
2527,DB11
2528,911 GT3 RS
2529,Cayman GT4
253,F355 Berlinetta
2534,968 Turbo S
2541,3-Eleven
2544,Viper ACR
0,#3 917 LH
2551,FPV Limited Edition Pursuit Ute
2552,Class 10 Race Car
2558,Scout 800A
2559,Mk II 3.8
2560,Series III
2562,3 Wheeler
2563,Supervan III
2566,FJ40
2568,Class 5/1600 Baja Bug
2569,Evolution Coupe 1020
257,575M Maranello
2570,XE-S
2571,F-PACE S
2574,M12S Warthog CST
2575,Bone Shaker
2577,F12tdf
2580,Falcon GT F 351
2585,Falcon XA GT-HO
2586,V60 Polestar
260,911 Carrera RS
261,911 GT2
2613,Jimmy
2614,Mustang GT 2+2 Fastback
2616,Centenario LP 770-4
2618,GT-R (R35)
262,911 GT3
2624,Chiron
2625,Bentayga
2628,M4 GTS
0,#1 T100 Baja Truck
2647,Huayra BC
2649,Crown Victoria Police Interceptor
265,911 Turbo 3.3
2654,GT R
2656,Hilux Arctic Trucks AT38
2659,Silvia K's Aero
266,914/6
2662,TITAN Warrior Concept
0,#37 Polaris RZR-Rockstar Energy Pro 2 Truck
2665,Continental Supersports
268,944 Turbo
269,959
2708,X5 Traffic
2710,Transit SuperSportVan Traffic
2711,3 Traffic
2712,Galant Traffic
2713,Box Truck
2714,Bus
2728,Chevrolet Bel Air
2729,Chevrolet Napalm Nova
2730,Ford Escort RS1800
2732,Mazda RX-7 Twerkstallion
2734,"Ford ""Hoonicorn"" Mustang"
2736,Rauh-Welt Begriff Porsche 911 Turbo
2738,NISMO GT-R LM
2739,Camaro ZL1
2741,Panamera Turbo
2742,Trailcat
2743,Land Cruiser Arctic Trucks AT37
2744,Pickup #23 Rally Raid
2750,Twin Mill
2755,911 GT2 RS
2773,Cayenne Turbo
0,#2 GT40 Mk II
0,#24 Ferrari Spa 330 P4
2825,Elise GT1
2838,2500 Power Wagon
2839,Durango SRT
2841,Grand Cherokee Trackhawk
2844,05RR
2846,720S Coupé
2847,Colorado ZR2
2865,Levante S
2870,Civic Type R
2871,Maverick X RS Turbo R
2872,Veloster N
289,Camaro Super Sport Coupe
2894,Fiesta Traffic
2902,Flatbed
2903,Legacy Traffic
2905,Bora Traffic
2906,GTI Traffic
2909,Challenger SRT Demon
291,Lotus Carlton
2910,Agera RS
2911,Minor 1000
292,Carrera GT
2930,De Luxe Five-Window Coupe Forza Edition
2935,F9
0,#14 Rahal Letterman Lanigan Racing Fiesta
294,CC8S
2941,Sesto Elemento Forza Edition
0,#24 Tankpool24 Racing Truck Forza Edition
2948,AMG CLK GTR Forza Edition
295,Celica SS-I
2951,Fairlady Z Forza Edition
296,Cerbera Speed 12
2964,Minor 1000 Forza Edition
297,360 Challenge Stradale
2973,A110
2974,812 Superfast
2976,Blower 4-1/2 Litre Supercharged
2979,Anglia 105E
2980,GT40 MKI
2981,Escort RS Turbo
2982,GYMKHANA 10 Ford F-150 'Hoonitruck'
2984,GYMKHANA 10 Ford Escort Cosworth Group A
2985,Range Rover
2986,Unimog U5023
2987,P50
2988,Senna
2989,Napier-Railton
299,Chevelle Super Sport 454
2992,Lightweight E-Type
2993,Griffith
2995,Golf GTI
0,#13 Ford Mustang
0,#530 HSV Maloo GEN-F
0,#777 Nissan 240SX
0,#43 Dodge Viper SRT10
3005,Trident
3006,GYMKHANA 10 Ford Hoonicorn Mustang
0,#34 Andretti Beetle
302,Civic Type R
3026,SSK
0,#185 959 Prodrive Rally Raid
3036,356 A 1600 Super
0,#98 BMW 325i
3046,Mustang GT
3051,M-Sport Fiesta RS
3055,C-X75
306,Cobra 427 S/C
3063,X-Class
3064,GT 4-Door Coupé
3069,Civic Coupe
3071,M5
3072,911 GT3 RS
3074,Macan Turbo
3082,MC12 Versione Corsa
3088,Chevrolet Silverado 1500 Drift Truck
3089,Exocet Off-Road
309,Corrado VR6
3091,Vantage
0,#25 Mustang RTR
3107,G 63 AMG 6x6
3108,Mustang RTR Spec 5
3109,F-150 Prerunner
3110,Wrangler Unlimited
3115,GYMKHANA 10 Ford Focus RS RX
3117,718 Cayman GTS
3118,Corvette ZR1
3119,Ford RS200 Evolution
312,Corvette Stingray 427
3120,Urus
3122,GTC4Lusso
3123,911 Carrera S
3126,Transit
0,#25 Brocky Ultra4 Bronco RTR
3129,Mégane R26.R
3131,John Cooper Works Countryman ALL4
3132,X-raid John Cooper Works Buggy
3134,MEGANE R.S.
3136,Range Rover Velar First Edition
314,Corvette Z06
3140,Concept Two
3141,Intensa Emozione
3149,Camaro ZL1 1LE
315,Corvette ZR-1
0,#88 Mustang RTR
3153,600LT Coupé
3154,720S Spider
3156,Speedtail
316,Countach LP5000 QV
3164,I-PACE
3167,GT70
3168,Divo
3170,Supervan 3
3173,Z4 Roadster
3174,Ranger Raptor
3176,AMG Hammer Coupe
3180,205 Rallye
3183,Racing Escort MK1
0,#5 Escort RS1800 MkII
3185,DBS Superleggera
3187,Macan LPR Rally Raid
0,#65 Rothsport Racing 911 Desert Flyer
3189,VelociRaptor 6X6
3191,Espada 400 GT
3194,Zerouno
3196,Tachyon Speed
320,CR-X SiR
3206,Cyclone Spoiler
3211,Vulcan AMR Pro
3212,TSR-S
3217,Huracán Performante
3225,Portofino
3226,J50
3227,488 Pista
3228,Racing Puma
0,#777 Chevrolet Corvette
324,Diablo GTR
0,#64 Nissan 370Z
0,#117 599 GTB Fiorano
325,Diablo SV
3250,E 63 S
3255,Gladiator Rubicon
3257,Pulsar GTI-R
326,Dino 246 GT
3261,4L Export
327,Eclipse GSX
3271,XPower SV-R
3276,S1
3277,Mustang Shelby GT500
3279,Flatbed Truck
3286,TT RS
3287,Sport XJR-15
3289,Aventador SVJ
3293,XJ220S TWR
330,Elan Sprint
3311,FXX-K Evo
3312,Monza SP2
3315,Jesko
333,Enzo Ferrari
336,E-type
3364,Valhalla Concept Car
3366,EP9
3369,Corvette Stingray Coupé
3370,Ford Escort RS Cosworth WRC Cossie V2
3371,Huracán EVO
338,F1 GT
3395,8 Gordini
340,F40
0,#99 Mazda RX-8
3402,GR Supra
0,#2069 Ford Performance Bronco R
0,#34 Toyota Supra MkIV
3412,STI S209
3413,Golf R
3414,Defender 110 X
3415,XJ13
342,F50
343,Fairlady Z 432
3437,GT
344,Fairlady Z
3441,Toyota Tacoma TRD The Performance Truck
3445,Taycan Turbo S
0,#357 Chevrolet Corvette Z06
3449,Evija
345,Fairlady Z Version S Twin Turbo
3476,Super Duty F-450 DRW PLATINUM
348,GT
3483,Colorado ZR2
3484,Bronco
3485,F-150 Raptor
3486,Wrangler Rubicon
3487,X-Class
3488,Beetle
3489,Bronco
3514,Monster Trucks Bone Shaker
0,#151 Toyota GR Supra
0,#411 Toyota Corolla Hatchback
3528,Toyota Gumout 2JZ Camry Stock Car
3529,Nissan Gold Leader Datsun 280Z
353,Golf Gti 16v Mk2
354,Golf R32
3540,RX3
3548,Sunshine S
0,#91 BMW M2
3556,X5 M Forza Edition
3559,Corvette Forza Edition
3561,Charger R/T Forza Edition
3562,Exocet Off-Road Forza Edition
3564,Racing Puma Forza Edition
3568,Gran Turismo S Forza Edition
357,GTO
3570,Manx Forza Edition
3572,Huayra BC Forza Edition
3573,Firebird Trans Am GTA Forza Edition
3574,911 GT3 RS Forza Edition
3577,Beetle Forza Edition
358,288 GTO
363,Impreza 22B-STi Version
3634,Carnival Float
3636,Beetle
3639,Metro 6R4
364,IMPREZA WRX STi
3640,Focus RS
365,IMPREZA WRX STI
3650,Mercedes-AMG ONE
3664,Beetle Traffic Taxi
368,Integra Type R
3681,Supra RZ
3682,Welcome Pack Intensa Emozione
3683,Welcome Pack Lancer Evolution X GSR
3684,Welcome Pack #2069 Ford Bronco R
3685,Welcome Pack Taycan Turbo S
3699,Welcome Pack GT 'OPI Edition'
374,Lancer Evolution IX MR
375,Lancer Evolution VI GSR
378,Lancer Evolution VIII MR
382,M3
383,M3
397,Monaro VXR
405,SVT Cobra R
411,NSX-R
412,NSX-R
417,Regal GNX
419,RS 4
420,RS 6
422,RSX Type S
423,Savanna RX-7
424,RX-7
425,RX-7 Spirit R Type-A
427,S2000
432,S7
433,Sagaris
439,Silvia CLUB K's
440,Silvia K's
441,Silvia Spec-R
444,Skyline GT-R V-Spec
445,Skyline GT-R V-Spec II
455,Sprinter Trueno GT Apex
460,Supra 2.0 GT
461,Supra RZ
483,Viper GTS ACR
489,XJ220
513,Charger R/T
565,M3-GTR
567,R390 (GT1)
568,AMG CLK GTR
569,NSX-R GT
615,207 Super 2000
625,Civic Type R
633,Sport quattro
634,5 Turbo
637,Miura P400
639,Challenger R/T
641,911 GT1 Strassenversion
642,M3
9000,205 T16
9003,Mercedes-AMG ONE
