ID,Make
1,Acura
1001,Alejandra's
102,Hennessey
107,Ariel
108,KTM
109,Caterham
11,Dodge
111,BAC
118,Donkervoort
122,Local Motors
123,Ram
124,Datsun
127,Lola
128,Auto Union
13,Ferrari
133,Zenvo
137,Mercedes-AMG
138,HSV
139,Meyers
14,Ford
140,Penhall
141,Polaris
142,Alumi Craft
144,International
146,Reliant
148,Hot Wheels
151,RJ Anderson
156,Hoonigan
159,VUHL
16,Honda
161,Exomotive
162,Can-Am
165,Morris
166,Funco Motorsports
17,Hyundai
171,Peel
172,Formula Drift
173,Napier
179,Alpine
18,Infiniti
181,Willys
183,Rimac
184,Apollo
185,Italdesign
187,RAESR
19,Jaguar
2,Aston Martin
20,Koenigsegg
200,Playground
201,NIO
206,DeBerti
21,Lamborghini
212,Forsberg Racing
213,SIERRA Cars
215,Wuling
23,Lexus
24,Lotus
25,Maserati
26,Mazda
27,McLaren
28,Mercedes-Benz
29,MINI
3,Audi
30,Mitsubishi
31,Nissan
32,Opel
34,Pagani
36,Peugeot
38,Pontiac
39,Porsche
4,Bentley
41,Renault
43,Saleen
47,Shelby
48,SUBARU
49,Toyota
50,TVR
51,Vauxhall
52,Volkswagen
53,Volvo
55,Land Rover
58,Bugatti
59,Holden
6,BMW
64,Morgan
65,Mosler
66,Radical
7,Buick
76,AMC
78,DeLorean
79,Mercury
8,Cadillac
80,GMC
85,HUMMER
86,AMG Transport Dynamics
88,Jeep
89,Plymouth
9,Chevrolet
96,Ultima
97,Austin-Healey
98,MG
